step,game/actor_reward_mean,game/reference_reward_mean,game/actor_win_rate,game/reward_margin_mean,actor/dpo_loss,time/step
1,0.05,0.0,1.0,0.05,6.222,72.819
2,0.0,0.0,1.0,0.0,48.14,68.767
3,0.0,0.017,0.833,-0.017,10.319,62.969
4,0.017,0.0,1.0,0.017,18.613,57.274
5,0.017,0.0,1.0,0.017,2.159,38.288
6,0.0,0.017,0.833,-0.017,35.55,51.498
7,0.0,0.017,0.833,-0.017,21.133,64.836
8,0.017,0.0,1.0,0.017,0.0,50.526
9,0.05,0.0,1.0,0.05,29.581,61.453
10,0.017,0.0,1.0,0.017,10.0,64.851
11,0.017,0.0,1.0,0.017,0.0,64.537
12,0.05,0.0,1.0,0.05,5.986,46.859
13,0.017,0.0,1.0,0.017,33.33,63.576
14,0.033,0.0,1.0,0.033,11.319,61.055
15,0.017,0.0,1.0,0.017,38.485,64.189
16,0.017,0.0,1.0,0.017,4.297,63.792
17,0.033,0.0,1.0,0.033,19.723,70.731
18,0.017,0.0,1.0,0.017,37.097,64.27
19,0.033,0.0,1.0,0.033,9.106,72.197
20,0.017,0.0,1.0,0.017,14.251,74.486
21,0.017,0.0,1.0,0.017,42.756,93.644
22,0.0,0.0,1.0,0.0,0.0,45.94
23,0.0,0.0,1.0,0.0,43.586,41.146
24,0.017,0.017,0.833,0.0,10.886,53.092
25,0.0,0.0,1.0,0.0,24.498,39.795
26,0.05,0.0,1.0,0.05,23.393,59.034
27,0.0,0.0,1.0,0.0,11.847,43.87
28,0.0,0.0,1.0,0.0,54.075,79.049
29,0.033,0.0,1.0,0.033,12.159,84.674
30,0.017,0.017,0.833,0.0,36.397,71.632
31,0.017,0.033,0.667,-0.017,8.793,84.077
32,0.017,0.017,0.833,0.0,42.266,67.349
33,0.033,0.0,1.0,0.033,0.0,65.691
34,0.017,0.0,1.0,0.017,8.539,66.649
35,0.05,0.0,1.0,0.05,52.041,60.95
36,0.017,0.0,1.0,0.017,26.836,64.498
37,0.033,0.0,1.0,0.033,35.435,67.421
38,0.017,0.0,1.0,0.017,0.0,53.8
39,0.017,0.0,1.0,0.017,19.857,52.454
40,0.033,0.017,0.833,0.017,23.502,53.72
41,0.033,0.0,1.0,0.033,25.808,56.468
42,0.017,0.0,1.0,0.017,14.178,55.408
43,0.05,0.0,1.0,0.05,11.981,51.091
44,0.017,0.0,1.0,0.017,0.0,53.204
45,0.0,0.0,1.0,0.0,32.569,69.688
46,0.05,0.017,0.833,0.033,47.429,78.432
47,0.033,0.0,1.0,0.033,18.579,72.691
48,0.0,0.0,1.0,0.0,15.81,79.385
49,0.0,0.0,1.0,0.0,19.936,83.037
50,0.0,0.0,1.0,0.0,0.0,105.079
51,0.017,0.017,1.0,0.0,17.509,137.627
52,0.017,0.017,0.833,0.0,20.597,137.45
53,0.0,0.0,1.0,0.0,21.346,118.235
54,0.0,0.017,0.833,-0.017,48.196,116.877
55,0.017,0.0,1.0,0.017,0.807,93.048
56,0.0,0.0,1.0,0.0,24.267,124.725
57,0.033,0.0,1.0,0.033,22.463,82.96
58,0.017,0.0,1.0,0.017,17.457,100.187
59,0.0,0.0,1.0,0.0,21.024,85.077
60,0.033,0.0,1.0,0.033,52.825,75.618
61,0.017,0.0,1.0,0.017,2.667,84.523
62,0.033,0.0,1.0,0.033,0.0,88.161
63,0.0,0.0,1.0,0.0,7.524,76.0
64,0.017,0.0,1.0,0.017,0.0,60.638
65,0.05,0.0,1.0,0.05,22.364,54.675
66,0.017,0.0,1.0,0.017,30.581,58.575
67,0.0,0.017,0.833,-0.017,39.355,71.023
68,0.0,0.0,1.0,0.0,27.676,48.937
69,0.033,0.017,0.833,0.017,16.129,51.896
70,0.033,0.017,0.833,0.017,25.987,48.087
71,0.017,0.0,1.0,0.017,3.006,61.001
72,0.033,0.0,1.0,0.033,32.081,69.237
73,0.0,0.017,0.833,-0.017,17.329,76.637
74,0.017,0.0,1.0,0.017,31.34,72.204
75,0.033,0.0,1.0,0.033,3.5,72.067
76,0.017,0.0,1.0,0.017,27.435,75.885
77,0.017,0.017,0.833,0.0,36.248,80.264
78,0.033,0.0,1.0,0.033,16.9,80.147
79,0.033,0.0,1.0,0.033,19.103,54.307
80,0.0,0.0,1.0,0.0,0.0,48.743
81,0.0,0.0,1.0,0.0,6.692,48.578
82,0.0,0.0,1.0,0.0,0.0,47.233
83,0.067,0.0,1.0,0.067,17.997,50.21
84,0.05,0.0,1.0,0.05,37.565,51.097
85,0.033,0.0,1.0,0.033,54.38,47.992
86,0.033,0.0,1.0,0.033,46.198,71.684
87,0.0,0.0,1.0,0.0,18.088,71.223
88,0.067,0.0,1.0,0.067,10.472,74.989
89,0.033,0.0,1.0,0.033,15.385,64.964
90,0.05,0.0,1.0,0.05,0.0,52.844
91,0.017,0.017,1.0,0.0,20.121,45.503
92,0.017,0.0,1.0,0.017,22.681,44.656
93,0.033,0.0,1.0,0.033,35.743,50.266
94,0.033,0.017,0.833,0.017,22.923,47.537
95,0.033,0.0,1.0,0.033,28.438,43.579
96,0.033,0.017,0.833,0.017,5.924,44.538
97,0.083,0.017,0.833,0.067,5.524,46.687
98,0.0,0.0,1.0,0.0,53.858,48.59
99,0.017,0.0,1.0,0.017,11.833,57.116
100,0.017,0.017,0.833,0.0,23.112,67.766
101,0.033,0.0,1.0,0.033,16.455,74.62
102,0.0,0.0,1.0,0.0,19.338,52.412
103,0.033,0.0,1.0,0.033,16.665,54.711
104,0.0,0.0,1.0,0.0,23.935,42.314
105,0.017,0.0,1.0,0.017,18.224,52.614
106,0.0,0.017,0.833,-0.017,32.994,53.814
107,0.017,0.0,1.0,0.017,32.692,43.546
108,0.017,0.0,1.0,0.017,0.0,66.086
109,0.0,0.017,0.833,-0.017,28.526,80.008
110,0.05,0.0,1.0,0.05,43.933,73.964
111,0.0,0.0,1.0,0.0,15.87,73.132
112,0.0,0.0,1.0,0.0,0.0,74.642
113,0.017,0.0,1.0,0.017,31.706,73.902
114,0.017,0.0,1.0,0.017,0.0,77.357
115,0.033,0.0,1.0,0.033,9.104,82.399
116,0.0,0.0,1.0,0.0,0.0,78.03
117,0.0,0.0,1.0,0.0,8.814,72.603
118,0.017,0.0,1.0,0.017,58.89,85.032
119,0.033,0.0,1.0,0.033,1.071,85.089
120,0.0,0.0,1.0,0.0,15.638,73.585
121,0.017,0.0,1.0,0.017,18.468,76.384
122,0.0,0.0,1.0,0.0,9.816,60.514
123,0.017,0.0,1.0,0.017,9.888,72.629
124,0.0,0.0,1.0,0.0,0.0,71.611
125,0.017,0.033,0.667,-0.017,24.533,68.978
126,0.0,0.0,1.0,0.0,8.962,60.337
127,0.017,0.0,1.0,0.017,51.197,66.744
128,0.017,0.0,1.0,0.017,6.622,67.165
129,0.0,0.017,0.833,-0.017,14.705,69.939
130,0.017,0.0,1.0,0.017,30.745,65.348
131,0.017,0.0,1.0,0.017,37.467,52.552
132,0.033,0.0,1.0,0.033,2.677,81.502
133,0.017,0.0,1.0,0.017,0.0,96.006
134,0.017,0.0,1.0,0.017,0.004,93.399
135,0.033,0.0,1.0,0.033,23.347,89.621
136,0.0,0.0,1.0,0.0,34.713,85.321
137,0.017,0.0,1.0,0.017,37.549,85.108
138,0.033,0.0,1.0,0.033,18.402,89.354
139,0.0,0.0,1.0,0.0,17.796,92.547
140,0.0,0.017,0.833,-0.017,56.672,102.329
141,0.017,0.0,1.0,0.017,22.63,100.977
142,0.033,0.0,1.0,0.033,14.573,102.384
143,0.017,0.0,1.0,0.017,12.889,88.214
144,0.017,0.0,1.0,0.017,11.149,90.348
145,0.017,0.0,1.0,0.017,7.86,89.768
146,0.017,0.0,1.0,0.017,0.0,80.066
147,0.017,0.017,0.833,0.0,28.134,67.015
148,0.033,0.0,1.0,0.033,7.747,74.229
149,0.033,0.0,1.0,0.033,23.08,68.454
150,0.017,0.017,0.833,0.0,50.449,61.399
151,0.017,0.0,1.0,0.017,17.272,73.791
152,0.0,0.0,1.0,0.0,0.0,63.132
153,0.017,0.017,0.833,0.0,17.031,67.017
154,0.017,0.0,1.0,0.017,8.407,54.486
155,0.017,0.0,1.0,0.017,21.795,71.108
156,0.017,0.0,1.0,0.017,13.746,62.642
157,0.0,0.0,1.0,0.0,29.601,74.232
158,0.033,0.0,1.0,0.033,6.14,87.449
159,0.0,0.017,0.833,-0.017,14.821,83.076
160,0.033,0.017,0.833,0.017,17.058,81.738
161,0.033,0.0,1.0,0.033,15.359,95.783
162,0.033,0.0,1.0,0.033,18.664,112.668
163,0.0,0.0,1.0,0.0,0.0,107.784
164,0.0,0.017,0.833,-0.017,4.27,98.746
165,0.017,0.017,0.833,0.0,40.796,100.339
166,0.017,0.0,1.0,0.017,40.043,101.547
167,0.017,0.0,1.0,0.017,13.733,102.903
168,0.017,0.033,0.833,-0.017,39.125,106.056
169,0.0,0.0,1.0,0.0,0.0,103.925
170,0.033,0.017,0.833,0.017,6.567,94.019
171,0.0,0.0,1.0,0.0,17.453,84.612
172,0.017,0.0,1.0,0.017,4.62,75.535
173,0.017,0.0,1.0,0.017,0.0,90.451
174,0.017,0.0,1.0,0.017,29.79,80.832
175,0.0,0.017,0.833,-0.017,16.995,67.124
176,0.017,0.0,1.0,0.017,29.686,62.63
177,0.017,0.0,1.0,0.017,14.264,70.155
178,0.017,0.0,1.0,0.017,16.523,75.033
179,0.1,0.0,1.0,0.1,19.118,77.932
180,0.0,0.0,1.0,0.0,29.926,66.319
181,0.05,0.0,1.0,0.05,17.403,62.416
182,0.05,0.0,1.0,0.05,31.739,58.334
183,0.033,0.0,1.0,0.033,35.234,69.757
184,0.017,0.017,0.833,0.0,18.417,76.053
185,0.0,0.0,1.0,0.0,50.148,92.238
186,0.033,0.017,1.0,0.017,30.218,65.549
187,0.017,0.0,1.0,0.017,31.07,70.458
188,0.033,0.0,1.0,0.033,23.792,69.267
189,0.017,0.0,1.0,0.017,0.0,69.875
190,0.017,0.0,1.0,0.017,10.661,59.988
191,0.017,0.017,0.833,0.0,7.866,62.347
192,0.017,0.0,1.0,0.017,40.254,68.793
193,0.033,0.0,1.0,0.033,1.956,60.075
194,0.033,0.0,1.0,0.033,15.978,52.666
195,0.05,0.0,1.0,0.05,9.499,67.348
196,0.033,0.017,0.833,0.017,5.104,67.077
197,0.033,0.0,1.0,0.033,1.021,54.886
198,0.017,0.0,1.0,0.017,44.879,66.74
199,0.0,0.0,1.0,0.0,2.574,59.177
200,0.0,0.017,0.833,-0.017,4.943,67.972
201,0.017,0.0,1.0,0.017,16.37,56.553
202,0.033,0.017,0.833,0.017,14.531,62.709
203,0.033,0.0,1.0,0.033,11.779,54.723
204,0.017,0.0,1.0,0.017,16.152,57.129
205,0.0,0.0,1.0,0.0,12.508,52.74
206,0.017,0.017,0.833,0.0,15.41,62.241
207,0.033,0.017,1.0,0.017,11.761,61.765
208,0.0,0.017,0.833,-0.017,6.969,58.075
209,0.05,0.017,1.0,0.033,18.835,54.581
210,0.017,0.0,1.0,0.017,15.782,67.586
211,0.017,0.0,1.0,0.017,7.9,57.294
212,0.017,0.0,1.0,0.017,16.127,53.223
213,0.017,0.0,1.0,0.017,3.117,57.872
214,0.017,0.0,1.0,0.017,23.211,59.534
215,0.0,0.017,0.833,-0.017,24.253,57.898
216,0.0,0.0,1.0,0.0,16.657,48.98
217,0.05,0.0,1.0,0.05,0.026,60.16
218,0.017,0.0,1.0,0.017,0.244,56.27
219,0.017,0.0,1.0,0.017,13.265,64.373
220,0.0,0.0,1.0,0.0,24.168,55.206
221,0.0,0.0,1.0,0.0,29.327,44.419
222,0.033,0.0,1.0,0.033,0.0,61.292
223,0.033,0.017,0.833,0.017,6.965,66.756
224,0.033,0.0,1.0,0.033,16.154,76.787
225,0.033,0.0,1.0,0.033,13.074,52.624
226,0.0,0.0,1.0,0.0,12.616,59.227
227,0.0,0.0,1.0,0.0,14.037,57.78
228,0.017,0.0,1.0,0.017,21.918,55.693
229,0.017,0.0,1.0,0.017,27.332,52.372
230,0.0,0.033,0.667,-0.033,27.739,89.834
231,0.017,0.0,1.0,0.017,0.173,93.997
232,0.05,0.0,1.0,0.05,0.0,85.44
233,0.0,0.0,1.0,0.0,13.479,86.32
234,0.033,0.0,1.0,0.033,15.667,83.116
235,0.0,0.017,0.833,-0.017,28.401,87.835
236,0.017,0.0,1.0,0.017,17.387,92.984
237,0.0,0.0,1.0,0.0,24.093,84.291
238,0.0,0.0,1.0,0.0,10.513,88.432
239,0.0,0.0,1.0,0.0,9.455,83.955
240,0.017,0.0,1.0,0.017,29.628,63.674
241,0.017,0.0,1.0,0.017,12.97,45.465
242,0.083,0.0,1.0,0.083,5.33,67.837
243,0.017,0.0,1.0,0.017,13.664,59.93
244,0.017,0.033,0.667,-0.017,13.495,52.284
245,0.017,0.0,1.0,0.017,11.87,82.948
246,0.033,0.0,1.0,0.033,16.051,97.557
247,0.033,0.017,0.833,0.017,33.448,93.025
248,0.017,0.0,1.0,0.017,11.139,93.092
249,0.033,0.0,1.0,0.033,19.187,93.946
250,0.0,0.0,1.0,0.0,6.937,85.385
251,0.0,0.0,1.0,0.0,14.556,78.607
252,0.0,0.0,1.0,0.0,15.027,92.45
253,0.0,0.0,1.0,0.0,11.854,83.296
254,0.017,0.0,1.0,0.017,12.512,83.904
255,0.0,0.017,0.833,-0.017,9.902,72.607
256,0.0,0.017,0.833,-0.017,21.379,88.644
257,0.017,0.0,1.0,0.017,10.426,90.034
258,0.017,0.0,1.0,0.017,28.365,88.994
259,0.017,0.0,1.0,0.017,4.04,90.288
260,0.033,0.05,0.667,-0.017,15.871,89.162
261,0.033,0.0,1.0,0.033,0.001,81.492
262,0.017,0.0,1.0,0.017,8.961,88.916
263,0.033,0.0,1.0,0.033,0.0,56.18
264,0.05,0.017,1.0,0.033,0.0,58.298
265,0.05,0.0,1.0,0.05,1.575,59.459
266,0.0,0.0,1.0,0.0,39.533,56.444
267,0.033,0.0,1.0,0.033,5.481,60.467
268,0.017,0.0,1.0,0.017,34.944,86.195
269,0.017,0.033,0.667,-0.017,8.956,102.847
270,0.0,0.0,1.0,0.0,13.49,94.144
271,0.0,0.017,0.833,-0.017,15.882,93.614
272,0.033,0.0,1.0,0.033,22.883,61.834
273,0.033,0.017,0.833,0.017,21.981,91.691
274,0.017,0.0,1.0,0.017,13.295,90.744
275,0.05,0.0,1.0,0.05,26.451,91.659
276,0.0,0.0,1.0,0.0,7.586,87.395
277,0.0,0.017,0.833,-0.017,18.954,100.899
278,0.033,0.0,1.0,0.033,14.621,86.256
279,0.0,0.0,1.0,0.0,11.988,88.866
280,0.017,0.017,0.833,0.0,2.808,85.761
281,0.017,0.017,0.833,0.0,12.169,99.977
282,0.0,0.0,1.0,0.0,0.0,97.661
283,0.017,0.0,1.0,0.017,22.533,97.882
284,0.0,0.0,1.0,0.0,20.133,94.597
285,0.0,0.0,1.0,0.0,24.708,97.054
286,0.0,0.0,1.0,0.0,0.0,98.13
287,0.017,0.0,1.0,0.017,21.009,98.935
288,0.017,0.0,1.0,0.017,12.13,89.683
289,0.0,0.0,1.0,0.0,22.036,75.804
290,0.017,0.0,1.0,0.017,10.437,67.619
291,0.033,0.0,1.0,0.033,6.637,69.947
292,0.017,0.0,1.0,0.017,12.129,65.007
293,0.033,0.0,1.0,0.033,32.648,64.409
294,0.017,0.017,0.833,0.0,8.448,57.593
295,0.033,0.017,0.833,0.017,6.633,46.001
296,0.033,0.0,1.0,0.033,17.004,64.453
297,0.033,0.017,1.0,0.017,2.791,60.601
298,0.017,0.0,1.0,0.017,6.751,66.398
299,0.017,0.0,1.0,0.017,10.282,67.25
300,0.0,0.0,1.0,0.0,14.511,92.624
301,0.0,0.0,1.0,0.0,14.333,94.5
302,0.017,0.0,1.0,0.017,35.148,69.586
303,0.0,0.0,1.0,0.0,16.25,57.17
304,0.0,0.0,1.0,0.0,16.693,57.499
305,0.0,0.0,1.0,0.0,12.363,59.584
306,0.033,0.0,1.0,0.033,25.106,49.14
307,0.033,0.017,1.0,0.017,0.0,62.824
308,0.017,0.0,1.0,0.017,23.419,59.292
309,0.033,0.183,0.667,-0.15,8.143,60.803
310,0.0,0.0,1.0,0.0,17.851,48.055
311,0.033,0.0,1.0,0.033,0.0,58.718
312,0.05,0.0,1.0,0.05,10.162,64.288
313,0.033,0.0,1.0,0.033,8.752,70.056
314,0.033,0.033,0.833,0.0,14.602,61.456
315,0.033,0.0,1.0,0.033,12.108,57.863
316,0.033,0.017,0.833,0.017,9.497,60.446
317,0.017,0.0,1.0,0.017,6.396,50.784
318,0.017,0.0,1.0,0.017,4.779,63.557
319,0.05,0.0,1.0,0.05,20.373,61.962
320,0.033,0.0,1.0,0.033,11.875,61.551
321,0.033,0.0,1.0,0.033,11.299,46.067
322,0.033,0.0,1.0,0.033,0.025,61.827
323,0.033,0.0,1.0,0.033,23.407,56.508
324,0.0,0.0,1.0,0.0,0.0,60.911
325,0.017,0.0,1.0,0.017,21.539,60.098
326,0.0,0.0,1.0,0.0,14.656,63.69
327,0.017,0.0,1.0,0.017,23.469,47.286
328,0.017,0.0,1.0,0.017,3.17,72.264
329,0.0,0.0,1.0,0.0,12.379,53.613
330,0.017,0.017,0.833,0.0,7.375,74.519
331,0.017,0.017,0.833,0.0,5.091,69.529
332,0.017,0.017,0.833,0.0,17.838,64.3
333,0.0,0.0,1.0,0.0,40.389,61.197
334,0.033,0.0,1.0,0.033,2.133,69.919
335,0.0,0.0,1.0,0.0,29.419,70.113
336,0.033,0.017,1.0,0.017,6.923,53.279
337,0.033,0.017,0.833,0.017,19.414,66.062
338,0.017,0.0,1.0,0.017,25.632,52.114
339,0.033,0.0,1.0,0.033,14.153,69.115
340,0.017,0.0,1.0,0.017,19.747,70.309
341,0.017,0.0,1.0,0.017,0.374,50.795
342,0.017,0.0,1.0,0.017,16.58,65.954
343,0.0,0.0,1.0,0.0,12.115,68.939
344,0.017,0.0,1.0,0.017,15.387,66.718
345,0.0,0.0,1.0,0.0,7.849,49.069
346,0.017,0.0,1.0,0.017,0.478,67.796
347,0.017,0.0,1.0,0.017,9.409,53.585
348,0.0,0.0,1.0,0.0,3.251,66.57
349,0.0,0.017,0.833,-0.017,27.663,78.579
350,0.0,0.0,1.0,0.0,10.876,63.559
351,0.0,0.0,1.0,0.0,2.343,87.225
352,0.017,0.0,1.0,0.017,19.205,92.485
353,0.0,0.017,0.833,-0.017,12.569,96.756
354,0.017,0.0,1.0,0.017,0.0,92.175
355,0.017,0.033,0.667,-0.017,3.681,101.477
356,0.017,0.0,1.0,0.017,17.32,99.131
357,0.017,0.0,1.0,0.017,11.948,98.941
358,0.017,0.0,1.0,0.017,11.349,97.65
359,0.0,0.017,0.833,-0.017,11.377,98.005
360,0.0,0.0,1.0,0.0,20.117,98.093
361,0.017,0.0,1.0,0.017,17.226,99.878
362,0.017,0.017,0.833,0.0,9.077,100.483
363,0.017,0.0,1.0,0.017,20.966,97.985
364,0.017,0.0,1.0,0.017,19.693,104.611
365,0.05,0.0,1.0,0.05,18.717,108.713
366,0.017,0.0,1.0,0.017,11.651,97.459
367,0.0,0.0,1.0,0.0,13.655,91.682
368,0.017,0.0,1.0,0.017,0.0,92.35
369,0.017,0.0,1.0,0.017,15.892,106.681
370,0.017,0.0,1.0,0.017,21.928,96.024
371,0.0,0.0,1.0,0.0,8.826,100.301
372,0.0,0.0,1.0,0.0,18.983,101.23
373,0.017,0.0,1.0,0.017,3.886,102.126
374,0.017,0.0,1.0,0.017,4.967,101.837
375,0.017,0.0,1.0,0.017,2.391,101.892
376,0.017,0.0,1.0,0.017,0.0,107.17
377,0.05,0.0,1.0,0.05,12.92,103.89
378,0.017,0.0,1.0,0.017,9.62,95.586
379,0.0,0.0,1.0,0.0,0.0,96.545
380,0.017,0.0,1.0,0.017,0.057,91.63
381,0.017,0.0,1.0,0.017,13.649,96.18
382,0.033,0.0,1.0,0.033,5.591,100.463
383,0.05,0.017,0.833,0.033,5.709,99.289
384,0.033,0.0,1.0,0.033,11.128,99.949
385,0.017,0.0,1.0,0.017,26.169,104.722
386,0.033,0.0,1.0,0.033,10.828,102.897
387,0.017,0.0,1.0,0.017,19.74,104.894
388,0.0,0.017,0.833,-0.017,1.978,100.306
389,0.017,0.033,0.667,-0.017,11.38,104.093
390,0.05,0.0,1.0,0.05,0.0,98.395
391,0.0,0.0,1.0,0.0,27.742,101.539
392,0.017,0.0,1.0,0.017,3.194,100.526
393,0.033,0.017,0.833,0.017,15.373,95.346
394,0.0,0.0,1.0,0.0,20.91,98.066
395,0.033,0.0,1.0,0.033,9.301,93.896
396,0.033,0.0,1.0,0.033,0.0,99.79
397,0.017,0.0,1.0,0.017,5.892,98.568
398,0.017,0.0,1.0,0.017,4.824,98.64
399,0.0,0.0,1.0,0.0,11.514,91.944
400,0.033,0.0,1.0,0.033,4.154,91.979
401,0.033,0.0,1.0,0.033,12.781,97.807
402,0.0,0.0,1.0,0.0,2.765,93.751
403,0.05,0.0,1.0,0.05,6.856,96.921
404,0.0,0.0,1.0,0.0,4.156,95.897
405,0.017,0.0,1.0,0.017,0.0,94.67
406,0.017,0.017,0.833,0.0,3.685,91.344
407,0.017,0.0,1.0,0.017,10.761,89.193
408,0.017,0.0,1.0,0.017,8.157,95.681
409,0.0,0.0,1.0,0.0,25.833,92.067
410,0.033,0.0,1.0,0.033,11.217,91.906
411,0.017,0.0,1.0,0.017,16.515,91.158
412,0.017,0.0,1.0,0.017,6.097,97.388
413,0.0,0.017,0.833,-0.017,21.748,98.715
414,0.033,0.0,1.0,0.033,28.012,94.002
415,0.033,0.0,1.0,0.033,13.207,104.56
416,0.0,0.0,1.0,0.0,6.044,98.201
417,0.0,0.017,0.833,-0.017,18.644,100.748
418,0.033,0.0,1.0,0.033,15.955,90.703
419,0.05,0.0,1.0,0.05,0.0,99.221
420,0.017,0.0,1.0,0.017,8.089,84.401
421,0.0,0.0,1.0,0.0,11.593,81.295
422,0.017,0.0,1.0,0.017,10.218,80.529
423,0.017,0.0,1.0,0.017,28.466,79.927
424,0.017,0.017,0.833,0.0,11.859,82.832
425,0.017,0.0,1.0,0.017,9.172,88.155
426,0.067,0.0,1.0,0.067,32.445,73.892
427,0.05,0.0,1.0,0.05,15.736,67.23
428,0.017,0.0,1.0,0.017,1.648,66.734
429,0.017,0.0,1.0,0.017,2.219,40.589
430,0.0,0.0,1.0,0.0,10.172,66.293
431,0.05,0.0,1.0,0.05,11.356,60.719
432,0.0,0.0,1.0,0.0,12.531,58.494
433,0.017,0.017,0.833,0.0,13.981,62.964
434,0.0,0.0,1.0,0.0,5.244,56.823
435,0.0,0.0,1.0,0.0,26.615,62.236
436,0.033,0.0,1.0,0.033,1.506,56.015
437,0.0,0.017,0.833,-0.017,2.994,66.021
438,0.017,0.0,1.0,0.017,10.861,55.679
439,0.017,0.0,1.0,0.017,10.431,64.216
440,0.033,0.0,1.0,0.033,28.793,56.046
441,0.033,0.0,1.0,0.033,1.409,63.619
442,0.05,0.0,1.0,0.05,0.0,49.95
443,0.017,0.0,1.0,0.017,22.024,66.928
444,0.033,0.0,1.0,0.033,11.706,57.705
445,0.05,0.0,1.0,0.05,0.0,61.262
446,0.017,0.017,1.0,0.0,6.542,54.226
447,0.017,0.0,1.0,0.017,16.517,62.799
448,0.0,0.0,1.0,0.0,0.0,55.935
449,0.0,0.0,1.0,0.0,11.632,61.568
450,0.033,0.0,1.0,0.033,9.663,63.582
451,0.0,0.0,1.0,0.0,11.08,52.812
452,0.017,0.0,1.0,0.017,10.489,57.991
453,0.0,0.0,1.0,0.0,22.547,61.93
454,0.017,0.017,0.833,0.0,0.0,61.079
455,0.033,0.0,1.0,0.033,7.214,59.517
456,0.017,0.0,1.0,0.017,11.52,46.918
457,0.0,0.0,1.0,0.0,15.622,65.821
458,0.017,0.0,1.0,0.017,9.494,59.419
459,0.0,0.0,1.0,0.0,8.722,51.003
460,0.0,0.0,1.0,0.0,13.052,61.14
461,0.017,0.0,1.0,0.017,14.659,61.287
462,0.033,0.0,1.0,0.033,25.694,57.023
463,0.0,0.017,0.833,-0.017,8.479,61.259
464,0.033,0.017,0.833,0.017,3.112,56.952
465,0.0,0.0,1.0,0.0,7.92,64.487
466,0.017,0.0,1.0,0.017,18.411,51.999
467,0.05,0.0,1.0,0.05,6.569,63.056
468,0.033,0.0,1.0,0.033,8.638,63.681
469,0.017,0.0,1.0,0.017,0.0,46.937
470,0.0,0.0,1.0,0.0,10.422,65.618
471,0.033,0.0,1.0,0.033,0.0,63.533
472,0.2,0.0,1.0,0.2,12.171,45.76
473,0.017,0.017,1.0,0.0,1.398,66.277
474,0.0,0.017,0.833,-0.017,2.621,62.698
475,0.05,0.0,1.0,0.05,0.0,45.914
476,0.033,0.0,1.0,0.033,8.957,65.59
477,0.033,0.0,1.0,0.033,3.356,65.679
478,0.017,0.0,1.0,0.017,16.334,44.327
479,0.0,0.0,1.0,0.0,21.144,64.86
480,0.0,0.017,0.833,-0.017,0.694,65.156
481,0.017,0.033,0.667,-0.017,3.417,43.625
482,0.05,0.0,1.0,0.05,7.732,66.948
483,0.0,0.0,1.0,0.0,9.346,66.569
484,0.0,0.0,1.0,0.0,13.269,42.715
485,0.017,0.0,1.0,0.017,0.0,65.194
486,0.033,0.0,1.0,0.033,0.0,65.081
487,0.033,0.0,1.0,0.033,7.447,47.641
488,0.0,0.0,1.0,0.0,7.046,61.455
489,0.017,0.0,1.0,0.017,15.486,66.219
490,0.017,0.0,1.0,0.017,0.0,60.268
491,0.017,0.0,1.0,0.017,15.44,47.871
492,0.033,0.0,1.0,0.033,0.0,65.335
493,0.017,0.0,1.0,0.017,15.133,65.886
494,0.017,0.017,0.833,0.0,21.517,42.406
495,0.033,0.017,0.833,0.017,2.995,64.192
496,0.017,0.0,1.0,0.017,9.502,65.074
497,0.05,0.0,1.0,0.05,0.0,55.291
498,0.017,0.0,1.0,0.017,0.0,53.287
499,0.033,0.0,1.0,0.033,14.901,65.096
500,0.0,0.0,1.0,0.0,17.289,59.956
501,0.033,0.0,1.0,0.033,13.012,45.76
502,0.0,0.0,1.0,0.0,14.541,64.787
503,0.0,0.0,1.0,0.0,12.953,64.845
504,0.033,0.0,1.0,0.033,10.348,58.832
505,0.05,0.0,1.0,0.05,5.976,55.58
506,0.033,0.017,0.833,0.017,0.0,62.198
507,0.033,0.0,1.0,0.033,20.287,67.031
508,0.017,0.017,0.833,0.0,12.926,42.796
509,0.017,0.0,1.0,0.017,0.0,64.654
510,0.033,0.0,1.0,0.033,8.975,66.118
511,0.017,0.0,1.0,0.017,13.912,47.281
512,0.05,0.0,1.0,0.05,0.603,62.729
513,0.033,0.0,1.0,0.033,5.918,65.758
514,0.017,0.0,1.0,0.017,25.123,47.984
515,0.017,0.0,1.0,0.017,10.179,61.954
516,0.033,0.017,1.0,0.017,8.296,68.476
517,0.017,0.0,1.0,0.017,0.011,55.3
518,0.0,0.0,1.0,0.0,14.066,54.82
519,0.033,0.0,1.0,0.033,13.761,68.569
520,0.033,0.017,1.0,0.017,10.103,59.551
521,0.017,0.0,1.0,0.017,8.827,49.817
522,0.033,0.0,1.0,0.033,13.765,66.915
523,0.017,0.0,1.0,0.017,7.911,60.313
524,0.05,0.0,1.0,0.05,17.269,51.604
525,0.05,0.017,0.833,0.033,5.228,66.64
526,0.033,0.0,1.0,0.033,7.897,63.169
527,0.033,0.0,1.0,0.033,0.829,49.285
528,0.033,0.0,1.0,0.033,13.603,66.374
529,0.0,0.0,1.0,0.0,0.966,59.568
530,0.033,0.017,0.833,0.017,26.872,48.61
531,0.017,0.0,1.0,0.017,14.185,66.532
532,0.017,0.0,1.0,0.017,0.0,63.058
533,0.0,0.033,0.667,-0.033,22.042,43.899
534,0.0,0.0,1.0,0.0,14.563,65.382
535,0.0,0.0,1.0,0.0,8.428,61.933
536,0.05,0.0,1.0,0.05,2.508,60.063
537,0.017,0.0,1.0,0.017,6.932,50.15
538,0.0,0.017,0.833,-0.017,26.005,62.99
539,0.0,0.0,1.0,0.0,3.47,63.979
540,0.017,0.0,1.0,0.017,0.025,45.548
541,0.017,0.0,1.0,0.017,4.903,62.008
542,0.033,0.0,1.0,0.033,7.306,67.753
543,0.017,0.0,1.0,0.017,20.576,45.835
544,0.0,0.0,1.0,0.0,9.167,68.305
545,0.033,0.0,1.0,0.033,6.1,44.891
546,0.033,0.0,1.0,0.033,14.639,72.217
547,0.017,0.0,1.0,0.017,10.462,46.024
548,0.033,0.0,1.0,0.033,10.288,69.444
549,0.05,0.017,0.833,0.033,4.049,45.883
550,0.017,0.0,1.0,0.017,7.321,69.777
551,0.017,0.017,0.833,0.0,6.153,45.668
552,0.033,0.0,1.0,0.033,3.409,61.576
553,0.033,0.0,1.0,0.033,16.558,60.079
554,0.0,0.0,1.0,0.0,9.066,58.597
555,0.017,0.0,1.0,0.017,0.0,62.978
556,0.033,0.0,1.0,0.033,7.762,53.094
557,0.0,0.0,1.0,0.0,10.005,75.514
558,0.0,0.017,0.833,-0.017,21.013,46.634
559,0.017,0.0,1.0,0.017,6.831,67.88
560,0.033,0.0,1.0,0.033,3.837,51.471
561,0.0,0.0,1.0,0.0,0.0,66.412
562,0.017,0.017,1.0,0.0,11.237,67.856
563,0.0,0.0,1.0,0.0,3.487,47.907
564,0.0,0.0,1.0,0.0,3.224,63.944
565,0.017,0.0,1.0,0.017,4.665,64.627
566,0.033,0.0,1.0,0.033,4.316,54.641
567,0.033,0.0,1.0,0.033,0.174,53.647
568,0.033,0.0,1.0,0.033,3.354,66.124
569,0.033,0.0,1.0,0.033,0.103,60.741
570,0.017,0.0,1.0,0.017,0.617,41.239
571,0.0,0.0,1.0,0.0,15.237,66.292
572,0.0,0.0,1.0,0.0,13.207,56.424
573,0.0,0.0,1.0,0.0,0.0,59.44
574,0.017,0.0,1.0,0.017,0.0,64.397
575,0.033,0.0,1.0,0.033,2.0,48.543
576,0.017,0.0,1.0,0.017,3.195,63.956
577,0.0,0.0,1.0,0.0,3.386,69.077
578,0.033,0.0,1.0,0.033,0.0,69.977
579,0.0,0.0,1.0,0.0,1.738,47.796
580,0.017,0.0,1.0,0.017,0.0,65.415
581,0.017,0.017,0.833,0.0,15.199,65.827
582,0.033,0.0,1.0,0.033,0.0,50.835
583,0.017,0.0,1.0,0.017,8.453,61.971
584,0.033,0.0,1.0,0.033,6.682,64.924
585,0.033,0.0,1.0,0.033,8.453,58.624
586,0.033,0.0,1.0,0.033,5.013,57.214
587,0.017,0.0,1.0,0.017,0.0,58.783
588,0.0,0.0,1.0,0.0,0.992,61.545
589,0.017,0.0,1.0,0.017,7.248,56.662
590,0.0,0.0,1.0,0.0,2.482,61.492
591,0.017,0.0,1.0,0.017,0.0,65.167
592,0.017,0.0,1.0,0.017,0.0,46.568
593,0.033,0.0,1.0,0.033,4.919,65.7
594,0.033,0.017,0.833,0.017,4.673,51.768
595,0.0,0.0,1.0,0.0,7.079,61.413
596,0.05,0.0,1.0,0.05,15.254,60.947
597,0.017,0.0,1.0,0.017,7.723,57.991
598,0.017,0.0,1.0,0.017,1.681,63.391
599,0.0,0.0,1.0,0.0,7.297,61.835
600,0.033,0.0,1.0,0.033,0.0,37.164
601,0.05,0.0,1.0,0.05,7.471,66.709
602,0.0,0.017,0.833,-0.017,16.725,62.779
603,0.033,0.0,1.0,0.033,18.248,52.476
604,0.0,0.0,1.0,0.0,5.951,65.324
605,0.017,0.0,1.0,0.017,3.355,53.587
606,0.033,0.0,1.0,0.033,1.351,67.174
607,0.0,0.0,1.0,0.0,7.807,70.464
608,0.033,0.0,1.0,0.033,11.342,51.779
609,0.017,0.0,1.0,0.017,5.167,63.516
610,0.017,0.0,1.0,0.017,6.12,51.443
611,0.017,0.0,1.0,0.017,8.781,65.125
612,0.05,0.0,1.0,0.05,6.825,48.223
613,0.033,0.0,1.0,0.033,6.608,66.116
614,0.017,0.0,1.0,0.017,3.845,49.787
615,0.017,0.0,1.0,0.017,8.234,58.579
616,0.0,0.017,0.833,-0.017,10.147,53.722
617,0.017,0.0,1.0,0.017,11.269,51.227
618,0.05,0.017,1.0,0.033,7.634,68.11
619,0.0,0.0,1.0,0.0,5.783,49.955
620,0.017,0.0,1.0,0.017,12.695,57.752
621,0.017,0.017,0.833,0.0,2.493,63.512
622,0.067,0.0,1.0,0.067,9.147,46.847
623,0.0,0.0,1.0,0.0,8.998,64.684
624,0.0,0.0,1.0,0.0,0.0,57.586
625,0.017,0.0,1.0,0.017,7.752,54.863
626,0.067,0.0,1.0,0.067,4.469,68.723
627,0.05,0.0,1.0,0.05,3.644,38.584
628,0.05,0.0,1.0,0.05,17.023,69.517
629,0.0,0.017,0.833,-0.017,16.154,47.762
630,0.0,0.0,1.0,0.0,7.428,66.306
631,0.017,0.0,1.0,0.017,4.793,40.714
632,0.017,0.0,1.0,0.017,12.629,65.179
633,0.033,0.0,1.0,0.033,0.0,61.978
634,0.017,0.017,0.833,0.0,0.0,36.238
635,0.0,0.017,0.833,-0.017,5.62,62.657
636,0.017,0.017,0.833,0.0,9.767,64.016
637,0.033,0.0,1.0,0.033,8.856,57.994
638,0.05,0.0,1.0,0.05,1.264,44.166
639,0.033,0.017,0.833,0.017,4.245,63.707
640,0.033,0.0,1.0,0.033,7.322,61.813
641,0.0,0.0,1.0,0.0,0.0,42.239
642,0.033,0.017,0.833,0.017,7.014,63.628
643,0.017,0.0,1.0,0.017,0.0,56.164
644,0.033,0.0,1.0,0.033,2.045,57.559
645,0.05,0.0,1.0,0.05,1.265,48.667
646,0.017,0.0,1.0,0.017,6.517,63.749
647,0.0,0.0,1.0,0.0,2.528,62.771
648,0.05,0.017,1.0,0.033,12.764,50.033
649,0.017,0.017,0.833,0.0,4.109,58.217
650,0.017,0.0,1.0,0.017,0.0,62.595
651,0.05,0.017,1.0,0.033,6.026,63.588
652,0.017,0.017,0.833,0.0,14.361,43.986
653,0.05,0.0,1.0,0.05,4.041,63.761
654,0.017,0.017,0.833,0.0,6.586,64.37
655,0.017,0.017,0.833,0.0,4.072,52.635
656,0.017,0.0,1.0,0.017,8.832,52.555
657,0.033,0.0,1.0,0.033,2.784,64.646
658,0.017,0.017,0.833,0.0,7.356,64.004
659,0.017,0.0,1.0,0.017,4.496,43.298
660,0.05,0.0,1.0,0.05,0.476,65.745
661,0.017,0.0,1.0,0.017,3.075,64.692
662,0.033,0.017,0.833,0.017,22.563,58.617
663,0.067,0.0,1.0,0.067,5.026,54.94
664,0.0,0.0,1.0,0.0,4.893,63.673
665,0.017,0.0,1.0,0.017,3.957,67.48
666,0.033,0.017,1.0,0.017,2.963,44.731
667,0.017,0.017,0.833,0.0,5.165,64.08
668,0.033,0.0,1.0,0.033,4.555,65.04
669,0.017,0.017,0.833,0.0,4.645,52.208
670,0.017,0.0,1.0,0.017,0.0,57.794
671,0.0,0.017,0.833,-0.017,6.694,67.598
672,0.033,0.0,1.0,0.033,9.248,63.915
673,0.017,0.0,1.0,0.017,8.52,39.654
674,0.0,0.0,1.0,0.0,3.565,67.368
675,0.017,0.017,0.833,0.0,3.522,65.587
676,0.0,0.0,1.0,0.0,0.0,54.278
677,0.017,0.0,1.0,0.017,6.699,56.738
678,0.017,0.0,1.0,0.017,6.545,68.942
679,0.017,0.0,1.0,0.017,0.0,56.315
680,0.033,0.0,1.0,0.033,5.44,50.227
681,0.033,0.0,1.0,0.033,5.921,65.775
682,0.017,0.017,0.833,0.0,2.437,63.896
683,0.0,0.0,1.0,0.0,1.945,45.476
684,0.017,0.0,1.0,0.017,0.0,67.383
685,0.017,0.0,1.0,0.017,6.245,63.102
686,0.033,0.0,1.0,0.033,15.963,49.249
687,0.0,0.0,1.0,0.0,8.173,64.654
688,0.017,0.0,1.0,0.017,5.604,63.541
689,0.0,0.017,0.833,-0.017,0.0,61.807
690,0.033,0.017,1.0,0.017,2.631,52.95
691,0.017,0.0,1.0,0.017,10.362,63.133
692,0.033,0.0,1.0,0.033,11.303,63.531
693,0.05,0.0,1.0,0.05,11.972,46.578
694,0.017,0.0,1.0,0.017,5.198,60.539
695,0.033,0.0,1.0,0.033,1.077,65.911
696,0.033,0.0,1.0,0.033,15.158,56.354
697,0.017,0.0,1.0,0.017,0.0,50.347
698,0.033,0.0,1.0,0.033,4.491,66.789
699,0.0,0.0,1.0,0.0,0.075,65.075
700,0.0,0.0,1.0,0.0,0.1,44.644
701,0.017,0.017,0.833,0.0,0.0,66.179
702,0.0,0.0,1.0,0.0,2.54,65.279
703,0.033,0.017,1.0,0.017,5.779,60.629
704,0.0,0.0,1.0,0.0,4.437,44.605
705,0.017,0.0,1.0,0.017,10.016,64.767
706,0.017,0.0,1.0,0.017,3.659,63.458
707,0.017,0.0,1.0,0.017,5.302,50.351
708,0.0,0.0,1.0,0.0,6.37,64.34
709,0.05,0.0,1.0,0.05,4.919,60.837
710,0.017,0.0,1.0,0.017,3.236,66.094
711,0.017,0.0,1.0,0.017,0.269,41.783
712,0.017,0.0,1.0,0.017,4.73,63.182
713,0.017,0.0,1.0,0.017,1.299,67.305
714,0.033,0.0,1.0,0.033,7.024,57.646
715,0.0,0.0,1.0,0.0,7.554,46.886
716,0.017,0.0,1.0,0.017,12.446,68.135
717,0.017,0.0,1.0,0.017,2.315,65.863
718,0.017,0.017,1.0,0.0,3.896,46.466
719,0.017,0.017,0.833,0.0,13.712,63.843
720,0.0,0.033,0.667,-0.033,15.176,65.175
721,0.017,0.017,0.833,0.0,5.362,64.958
722,0.033,0.0,1.0,0.033,11.913,45.937
723,0.033,0.0,1.0,0.033,14.849,65.66
724,0.017,0.0,1.0,0.017,0.0,63.889
725,0.017,0.0,1.0,0.017,8.32,50.675
726,0.017,0.0,1.0,0.017,4.735,60.957
727,0.033,0.0,1.0,0.033,2.326,63.873
728,0.017,0.0,1.0,0.017,7.229,63.054
729,0.05,0.0,1.0,0.05,0.027,46.496
730,0.017,0.0,1.0,0.017,3.087,63.985
731,0.0,0.017,0.833,-0.017,9.546,64.846
732,0.017,0.0,1.0,0.017,2.082,50.795
733,0.017,0.0,1.0,0.017,0.0,57.38
734,0.0,0.0,1.0,0.0,11.319,65.101
735,0.017,0.0,1.0,0.017,9.109,61.617
736,0.05,0.0,1.0,0.05,4.257,47.298
737,0.017,0.0,1.0,0.017,5.924,65.719
738,0.033,0.0,1.0,0.033,1.808,64.531
739,0.017,0.0,1.0,0.017,6.249,50.923
740,0.017,0.0,1.0,0.017,0.0,60.515
741,0.033,0.0,1.0,0.033,3.981,64.63
742,0.0,0.0,1.0,0.0,1.814,65.408
743,0.05,0.0,1.0,0.05,0.0,47.307
744,0.067,0.0,1.0,0.067,3.512,65.577
745,0.0,0.0,1.0,0.0,4.812,66.724
746,0.0,0.0,1.0,0.0,0.0,46.25
747,0.033,0.017,1.0,0.017,5.522,62.569
748,0.033,0.017,0.833,0.017,3.113,66.864
749,0.05,0.0,1.0,0.05,0.0,62.122
750,0.017,0.0,1.0,0.017,5.127,46.879
751,0.0,0.0,1.0,0.0,8.791,66.448
752,0.017,0.0,1.0,0.017,2.488,67.14
753,0.017,0.0,1.0,0.017,0.041,43.462
754,0.017,0.0,1.0,0.017,6.181,64.762
755,0.0,0.0,1.0,0.0,0.537,65.963
756,0.017,0.0,1.0,0.017,0.0,46.911
757,0.033,0.0,1.0,0.033,0.0,67.336
758,0.033,0.0,1.0,0.033,3.199,67.654
759,0.0,0.0,1.0,0.0,0.0,52.835
760,0.017,0.017,0.833,0.0,9.67,57.775
761,0.033,0.0,1.0,0.033,0.0,66.528
762,0.0,0.0,1.0,0.0,2.951,60.909
763,0.017,0.0,1.0,0.017,4.123,50.0
764,0.017,0.0,1.0,0.017,8.176,65.609
765,0.05,0.0,1.0,0.05,5.574,63.734
766,0.0,0.0,1.0,0.0,0.0,50.124
767,0.033,0.0,1.0,0.033,1.475,66.156
768,0.017,0.017,0.833,0.0,16.444,62.75
769,0.033,0.0,1.0,0.033,5.691,44.305
770,0.0,0.0,1.0,0.0,3.794,67.617
771,0.017,0.0,1.0,0.017,0.0,62.804
772,0.0,0.0,1.0,0.0,4.256,54.497
773,0.0,0.0,1.0,0.0,9.324,59.38
774,0.05,0.0,1.0,0.05,0.0,66.471
775,0.017,0.0,1.0,0.017,0.629,64.217
776,0.0,0.0,1.0,0.0,5.877,45.98
777,0.0,0.0,1.0,0.0,6.049,64.409
778,0.017,0.017,0.833,0.0,9.139,67.033
779,0.0,0.0,1.0,0.0,5.637,53.991
780,0.067,0.0,1.0,0.067,4.151,58.35
781,0.017,0.0,1.0,0.017,0.377,65.778
782,0.017,0.0,1.0,0.017,10.019,60.395
783,0.017,0.017,0.833,0.0,4.145,42.358
784,0.017,0.0,1.0,0.017,4.136,66.748
785,0.017,0.017,0.833,0.0,6.899,65.286
786,0.033,0.0,1.0,0.033,4.302,47.202
787,0.017,0.0,1.0,0.017,3.471,62.692
788,0.0,0.0,1.0,0.0,4.05,66.668
789,0.0,0.0,1.0,0.0,5.115,61.195
790,0.017,0.017,0.833,0.0,4.251,48.688
791,0.0,0.0,1.0,0.0,0.0,66.29
792,0.017,0.0,1.0,0.017,0.461,63.914
793,0.0,0.0,1.0,0.0,0.001,42.976
794,0.0,0.0,1.0,0.0,4.024,65.049
795,0.0,0.0,1.0,0.0,1.525,61.978
796,0.0,0.0,1.0,0.0,6.449,60.592
797,0.017,0.033,0.833,-0.017,1.717,52.233
798,0.033,0.0,1.0,0.033,0.0,61.125
799,0.0,0.0,1.0,0.0,7.407,65.81
800,0.033,0.017,1.0,0.017,1.627,50.377
801,0.017,0.0,1.0,0.017,10.674,62.166
802,0.0,0.0,1.0,0.0,3.266,65.448
803,0.033,0.033,0.833,0.0,3.648,62.317
804,0.0,0.0,1.0,0.0,6.941,44.644
805,0.0,0.0,1.0,0.0,4.39,67.012
806,0.05,0.017,1.0,0.033,4.321,65.417
807,0.033,0.0,1.0,0.033,6.753,49.656
808,0.0,0.0,1.0,0.0,1.462,62.578
809,0.0,0.0,1.0,0.0,3.072,66.416
810,0.0,0.017,0.833,-0.017,6.559,62.097
811,0.0,0.033,0.667,-0.033,3.725,46.66
812,0.0,0.0,1.0,0.0,0.0,64.81
813,0.017,0.0,1.0,0.017,2.429,64.858
814,0.017,0.0,1.0,0.017,0.707,48.341
815,0.033,0.0,1.0,0.033,5.801,62.493
816,0.0,0.033,0.667,-0.033,8.701,64.426
817,0.017,0.0,1.0,0.017,7.584,64.125
818,0.017,0.0,1.0,0.017,2.465,44.519
819,0.0,0.017,0.833,-0.017,4.536,62.668
820,0.0,0.017,0.833,-0.017,3.766,63.777
821,0.0,0.0,1.0,0.0,1.093,56.442
822,0.033,0.0,1.0,0.033,2.892,50.416
823,0.017,0.0,1.0,0.017,2.134,65.531
824,0.05,0.0,1.0,0.05,1.661,65.209
825,0.017,0.0,1.0,0.017,0.922,46.499
826,0.0,0.0,1.0,0.0,0.213,62.462
827,0.05,0.0,1.0,0.05,0.808,64.559
828,0.033,0.0,1.0,0.033,5.657,62.54
829,0.017,0.0,1.0,0.017,2.518,65.292
830,0.017,0.017,0.833,0.0,5.84,64.013
831,0.05,0.0,1.0,0.05,0.151,62.062
832,0.0,0.0,1.0,0.0,1.372,46.566
833,0.067,0.017,0.833,0.05,9.809,65.795
834,0.017,0.0,1.0,0.017,2.255,65.556
835,0.033,0.017,1.0,0.017,2.338,45.972
836,0.017,0.0,1.0,0.017,2.991,63.4
837,0.033,0.0,1.0,0.033,6.027,65.949
838,0.033,0.0,1.0,0.033,4.372,59.07
839,0.017,0.0,1.0,0.017,4.498,48.302
840,0.017,0.0,1.0,0.017,0.0,64.813
841,0.017,0.017,1.0,0.0,0.51,64.309
842,0.033,0.0,1.0,0.033,0.001,48.889
843,0.0,0.017,0.833,-0.017,5.398,59.599
844,0.0,0.0,1.0,0.0,9.364,66.485
845,0.033,0.0,1.0,0.033,4.09,61.456
846,0.0,0.0,1.0,0.0,4.968,47.206
847,0.017,0.017,0.833,0.0,4.145,65.677
848,0.0,0.0,1.0,0.0,0.039,61.01
849,0.05,0.0,1.0,0.05,3.047,46.154
850,0.05,0.0,1.0,0.05,1.787,64.71
851,0.033,0.0,1.0,0.033,0.128,65.078
852,0.033,0.0,1.0,0.033,3.397,61.52
853,0.0,0.0,1.0,0.0,5.12,64.674
854,0.0,0.017,0.833,-0.017,3.427,62.699
855,0.0,0.0,1.0,0.0,4.252,55.304
856,0.017,0.0,1.0,0.017,2.382,56.934
857,0.033,0.0,1.0,0.033,10.109,63.07
858,0.0,0.0,1.0,0.0,7.094,61.836
859,0.0,0.0,1.0,0.0,0.0,65.302
860,0.067,0.0,1.0,0.067,4.17,63.796
861,0.017,0.0,1.0,0.017,0.0,60.147
862,0.017,0.0,1.0,0.017,0.0,49.189
863,0.017,0.0,1.0,0.017,6.818,64.72
864,0.0,0.0,1.0,0.0,7.431,62.155
865,0.033,0.017,1.0,0.017,0.0,46.237
866,0.0,0.0,1.0,0.0,0.0,61.17
867,0.0,0.0,1.0,0.0,2.205,63.876
868,0.017,0.0,1.0,0.017,1.043,63.084
869,0.05,0.017,1.0,0.033,8.729,42.49
870,0.017,0.0,1.0,0.017,3.343,65.598
871,0.017,0.017,0.833,0.0,2.135,65.921
872,0.0,0.0,1.0,0.0,1.468,47.06
873,0.0,0.0,1.0,0.0,2.15,61.635
874,0.033,0.0,1.0,0.033,1.354,65.32
875,0.033,0.0,1.0,0.033,2.569,60.816
876,0.017,0.0,1.0,0.017,1.204,48.352
877,0.033,0.017,0.833,0.017,8.776,65.85
878,0.033,0.0,1.0,0.033,2.301,64.361
879,0.0,0.0,1.0,0.0,0.0,45.937
880,0.033,0.0,1.0,0.033,0.0,65.733
881,0.017,0.0,1.0,0.017,2.663,63.972
882,0.017,0.0,1.0,0.017,0.0,48.378
883,0.033,0.0,1.0,0.033,0.0,61.762
884,0.067,0.0,1.0,0.067,0.004,63.681
885,0.0,0.0,1.0,0.0,0.012,63.164
886,0.033,0.017,0.833,0.017,6.917,49.1
887,0.017,0.0,1.0,0.017,2.659,66.506
888,0.0,0.0,1.0,0.0,2.789,63.015
889,0.017,0.0,1.0,0.017,5.677,46.991
890,0.0,0.0,1.0,0.0,0.0,62.145
891,0.033,0.0,1.0,0.033,0.0,62.252
892,0.033,0.0,1.0,0.033,3.988,61.174
893,0.017,0.0,1.0,0.017,6.768,52.094
894,0.033,0.017,0.833,0.017,6.493,48.786
895,0.017,0.0,1.0,0.017,4.591,64.698
896,0.017,0.0,1.0,0.017,0.052,60.578
897,0.033,0.017,0.833,0.017,6.103,53.945
898,0.0,0.0,1.0,0.0,0.005,40.806
899,0.0,0.0,1.0,0.0,1.234,64.342
900,0.033,0.0,1.0,0.033,0.007,60.644
901,0.017,0.0,1.0,0.017,1.684,58.285
902,0.033,0.0,1.0,0.033,0.008,50.948
903,0.017,0.017,0.833,0.0,2.307,49.348
904,0.0,0.0,1.0,0.0,1.172,65.049
905,0.033,0.0,1.0,0.033,2.838,61.237
906,0.017,0.0,1.0,0.017,0.0,48.6
907,0.017,0.0,1.0,0.017,2.425,48.834
908,0.033,0.0,1.0,0.033,0.0,66.644
909,0.0,0.017,0.833,-0.017,0.0,59.821
910,0.05,0.0,1.0,0.05,0.0,56.749
911,0.033,0.0,1.0,0.033,2.348,44.344
912,0.017,0.0,1.0,0.017,0.0,68.038
913,0.0,0.0,1.0,0.0,2.342,57.956
914,0.0,0.017,0.833,-0.017,0.132,56.066
915,0.0,0.0,1.0,0.0,0.0,46.47
916,0.0,0.0,1.0,0.0,0.0,63.783
917,0.033,0.017,0.833,0.017,3.249,66.237
918,0.017,0.0,1.0,0.017,0.011,60.03
919,0.033,0.0,1.0,0.033,1.735,40.159
920,0.05,0.0,1.0,0.05,0.0,64.138
921,0.033,0.0,1.0,0.033,1.196,65.96
922,0.017,0.0,1.0,0.017,0.004,59.364
923,0.017,0.0,1.0,0.017,0.0,48.838
924,0.067,0.017,1.0,0.05,0.0,66.313
925,0.0,0.0,1.0,0.0,3.028,64.247
926,0.017,0.017,0.833,0.0,10.653,47.18
927,0.05,0.0,1.0,0.05,0.0,68.688
928,0.0,0.017,0.833,-0.017,3.702,61.578
929,0.05,0.0,1.0,0.05,0.0,62.87
930,0.017,0.0,1.0,0.017,1.027,43.269
931,0.017,0.017,0.833,0.0,8.237,64.04
932,0.017,0.0,1.0,0.017,2.322,67.748
933,0.033,0.0,1.0,0.033,2.976,63.064
934,0.05,0.0,1.0,0.05,0.0,43.988
935,0.0,0.0,1.0,0.0,0.0,70.195
936,0.017,0.0,1.0,0.017,3.141,63.551
937,0.0,0.017,0.833,-0.017,7.692,42.438
938,0.017,0.017,0.833,0.0,13.318,66.552
939,0.033,0.017,0.833,0.017,4.14,67.237
940,0.0,0.0,1.0,0.0,3.511,41.603
941,0.05,0.0,1.0,0.05,4.478,66.535
942,0.017,0.017,0.833,0.0,2.882,68.354
943,0.05,0.0,1.0,0.05,2.098,52.256
944,0.017,0.0,1.0,0.017,2.183,59.666
945,0.0,0.0,1.0,0.0,0.0,64.895
946,0.05,0.0,1.0,0.05,4.66,52.311
947,0.0,0.0,1.0,0.0,2.835,54.456
948,0.017,0.0,1.0,0.017,2.392,67.96
949,0.017,0.0,1.0,0.017,1.419,63.261
950,0.017,0.033,0.667,-0.017,7.997,49.205
951,0.017,0.0,1.0,0.017,3.163,68.54
952,0.0,0.0,1.0,0.0,2.659,64.15
953,0.033,0.0,1.0,0.033,6.66,59.749
954,0.033,0.0,1.0,0.033,1.042,56.022
955,0.017,0.0,1.0,0.017,5.857,62.978
956,0.017,0.0,1.0,0.017,0.022,62.025
957,0.033,0.0,1.0,0.033,0.0,51.512
958,0.033,0.0,1.0,0.033,0.0,65.545
959,0.067,0.017,0.833,0.05,3.783,64.013
960,0.017,0.0,1.0,0.017,0.025,48.108
961,0.017,0.0,1.0,0.017,0.662,66.098
962,0.033,0.0,1.0,0.033,0.579,61.689
963,0.0,0.033,0.667,-0.033,5.22,47.186
964,0.067,0.0,1.0,0.067,0.0,67.459
965,0.0,0.0,1.0,0.0,2.368,69.327
966,0.0,0.0,1.0,0.0,1.384,45.679
967,0.033,0.0,1.0,0.033,1.073,68.572
968,0.017,0.0,1.0,0.017,0.927,65.865
969,0.05,0.0,1.0,0.05,0.004,39.889
970,0.017,0.0,1.0,0.017,4.395,59.394
971,0.0,0.0,1.0,0.0,0.0,67.368
972,0.033,0.0,1.0,0.033,0.002,59.54
973,0.033,0.0,1.0,0.033,4.957,45.24
974,0.017,0.0,1.0,0.017,5.899,66.936
975,0.017,0.017,0.833,0.0,0.001,63.647
976,0.0,0.0,1.0,0.0,2.998,49.201
977,0.05,0.0,1.0,0.05,0.771,67.589
978,0.0,0.0,1.0,0.0,2.948,66.888
979,0.017,0.0,1.0,0.017,0.466,51.745
980,0.033,0.0,1.0,0.033,1.114,72.047
981,0.033,0.0,1.0,0.033,0.0,66.638
982,0.017,0.017,0.833,0.0,5.997,45.339
983,0.017,0.0,1.0,0.017,0.701,72.262
984,0.017,0.0,1.0,0.017,6.661,66.181
985,0.0,0.0,1.0,0.0,1.023,50.277
986,0.0,0.0,1.0,0.0,1.101,66.275
987,0.05,0.0,1.0,0.05,1.871,65.144
988,0.05,0.0,1.0,0.05,0.285,49.509
989,0.017,0.017,0.833,0.0,6.479,66.063
990,0.017,0.0,1.0,0.017,0.0,70.191
991,0.017,0.0,1.0,0.017,1.796,53.484
992,0.033,0.0,1.0,0.033,1.607,62.141
993,0.0,0.0,1.0,0.0,6.207,67.546
994,0.0,0.017,0.833,-0.017,3.834,43.284
995,0.033,0.017,0.833,0.017,8.815,63.21
996,0.0,0.0,1.0,0.0,0.0,65.934
997,0.017,0.0,1.0,0.017,3.573,45.858
998,0.033,0.0,1.0,0.033,2.576,65.157
999,0.017,0.017,0.833,0.0,20.289,66.99
1000,0.017,0.0,1.0,0.017,4.855,43.209
1001,0.017,0.017,0.833,0.0,20.286,62.044
1002,0.033,0.0,1.0,0.033,0.01,62.722
1003,0.0,0.0,1.0,0.0,4.788,42.026
1004,0.0,0.0,1.0,0.0,0.149,60.195
1005,0.0,0.017,0.833,-0.017,7.762,61.984
1006,0.017,0.0,1.0,0.017,0.606,45.645
1007,0.0,0.0,1.0,0.0,1.163,60.597
1008,0.017,0.033,0.667,-0.017,8.268,62.341
1009,0.017,0.0,1.0,0.017,3.108,52.004
1010,0.033,0.0,1.0,0.033,2.635,51.162
1011,0.017,0.0,1.0,0.017,6.394,62.695
1012,0.017,0.0,1.0,0.017,1.928,54.82
1013,0.017,0.0,1.0,0.017,1.958,57.197
1014,0.0,0.0,1.0,0.0,0.782,64.436
1015,0.0,0.0,1.0,0.0,1.45,58.813
1016,0.033,0.0,1.0,0.033,5.496,47.529
1017,0.0,0.0,1.0,0.0,0.0,64.298
1018,0.033,0.0,1.0,0.033,0.0,61.405
1019,0.017,0.0,1.0,0.017,0.0,40.933
1020,0.017,0.0,1.0,0.017,1.764,61.373
1021,0.017,0.017,0.833,0.0,4.341,62.701
1022,0.017,0.0,1.0,0.017,3.44,57.524
1023,0.033,0.0,1.0,0.033,5.496,43.607
1024,0.0,0.0,1.0,0.0,0.906,62.797
1025,0.033,0.017,0.833,0.017,2.419,55.616
1026,0.0,0.0,1.0,0.0,2.197,57.811
1027,0.017,0.0,1.0,0.017,0.766,42.702
1028,0.017,0.0,1.0,0.017,4.717,58.311
1029,0.017,0.0,1.0,0.017,0.0,56.252
1030,0.0,0.0,1.0,0.0,0.0,55.519
1031,0.033,0.0,1.0,0.033,0.878,56.677
1032,0.0,0.0,1.0,0.0,2.686,53.676
1033,0.017,0.017,0.833,0.0,3.622,58.745
1034,0.05,0.0,1.0,0.05,6.826,56.167
1035,0.0,0.0,1.0,0.0,1.312,52.071
1036,0.017,0.0,1.0,0.017,2.72,57.094
1037,0.0,0.017,0.833,-0.017,4.77,53.355
1038,0.033,0.0,1.0,0.033,0.001,41.696
1039,0.017,0.033,0.667,-0.017,5.092,58.62
1040,0.033,0.0,1.0,0.033,2.932,60.637
1041,0.0,0.0,1.0,0.0,0.299,62.261
1042,0.033,0.0,1.0,0.033,1.394,44.237
1043,0.033,0.0,1.0,0.033,0.0,57.319
1044,0.0,0.0,1.0,0.0,4.786,53.942
1045,0.033,0.0,1.0,0.033,3.869,56.263
1046,0.017,0.017,1.0,0.0,0.002,58.628
1047,0.033,0.0,1.0,0.033,1.148,48.852
1048,0.017,0.0,1.0,0.017,1.579,43.012
1049,0.0,0.0,1.0,0.0,2.889,58.193
1050,0.017,0.017,0.833,0.0,8.298,56.71
1051,0.017,0.0,1.0,0.017,0.0,54.456
1052,0.05,0.0,1.0,0.05,1.979,56.969
1053,0.017,0.0,1.0,0.017,2.309,46.605
1054,0.0,0.0,1.0,0.0,3.062,55.417
1055,0.05,0.0,1.0,0.05,1.996,54.671
1056,0.05,0.017,1.0,0.033,0.0,56.295
1057,0.033,0.0,1.0,0.033,3.182,60.374
1058,0.017,0.017,0.833,0.0,3.713,50.695
1059,0.017,0.0,1.0,0.017,0.674,50.223
1060,0.017,0.017,1.0,0.0,1.768,58.974
1061,0.0,0.017,0.833,-0.017,10.058,52.451
1062,0.017,0.0,1.0,0.017,0.0,59.859
1063,0.017,0.0,1.0,0.017,2.159,60.396
1064,0.017,0.0,1.0,0.017,0.355,44.974
1065,0.0,0.0,1.0,0.0,0.02,64.816
1066,0.017,0.0,1.0,0.017,6.611,88.128
1067,0.033,0.0,1.0,0.033,1.95,87.284
1068,0.017,0.017,0.833,0.0,3.704,65.729
1069,0.017,0.0,1.0,0.017,0.002,58.333
1070,0.017,0.0,1.0,0.017,1.605,59.772
1071,0.033,0.0,1.0,0.033,1.797,57.255
1072,0.033,0.0,1.0,0.033,0.004,49.948
1073,0.033,0.0,1.0,0.033,1.132,61.561
1074,0.0,0.0,1.0,0.0,1.899,58.781
1075,0.0,0.0,1.0,0.0,0.0,71.492
1076,0.0,0.0,1.0,0.0,0.003,47.761
1077,0.0,0.0,1.0,0.0,5.006,51.477
1078,0.05,0.0,1.0,0.05,1.928,62.46
1079,0.033,0.0,1.0,0.033,1.174,64.308
1080,0.017,0.0,1.0,0.017,1.24,61.892
1081,0.017,0.0,1.0,0.017,4.905,56.204
1082,0.033,0.0,1.0,0.033,0.0,55.701
1083,0.033,0.0,1.0,0.033,0.174,61.445
1084,0.05,0.0,1.0,0.05,0.001,58.785
1085,0.017,0.0,1.0,0.017,2.989,63.3
1086,0.0,0.0,1.0,0.0,1.286,57.362
1087,0.033,0.0,1.0,0.033,3.695,47.94
1088,0.0,0.0,1.0,0.0,0.0,58.65
1089,0.0,0.0,1.0,0.0,0.0,58.112
1090,0.033,0.0,1.0,0.033,1.646,65.381
1091,0.0,0.0,1.0,0.0,0.179,61.049
1092,0.0,0.0,1.0,0.0,3.239,55.472
1093,0.017,0.0,1.0,0.017,2.109,70.701
1094,0.017,0.0,1.0,0.017,2.356,75.856
1095,0.0,0.017,0.833,-0.017,3.635,90.897
1096,0.05,0.0,1.0,0.05,0.968,71.997
1097,0.0,0.0,1.0,0.0,4.121,62.206
1098,0.033,0.017,1.0,0.017,0.0,57.086
1099,0.05,0.0,1.0,0.05,1.326,58.688
1100,0.0,0.017,0.833,-0.017,6.94,53.263
1101,0.0,0.0,1.0,0.0,0.0,94.226
1102,0.0,0.0,1.0,0.0,1.313,80.215
1103,0.017,0.0,1.0,0.017,3.831,82.137
1104,0.017,0.0,1.0,0.017,0.343,72.69
1105,0.05,0.017,1.0,0.033,0.001,67.705
1106,0.0,0.0,1.0,0.0,0.0,83.922
1107,0.017,0.0,1.0,0.017,3.979,80.882
1108,0.017,0.0,1.0,0.017,0.007,72.557
1109,0.0,0.0,1.0,0.0,1.769,76.819
1110,0.017,0.0,1.0,0.017,0.808,71.095
1111,0.017,0.0,1.0,0.017,1.721,61.912
1112,0.017,0.033,0.833,-0.017,4.339,58.619
1113,0.033,0.0,1.0,0.033,1.296,59.796
1114,0.033,0.0,1.0,0.033,1.608,62.237
1115,0.033,0.0,1.0,0.033,0.005,56.4
1116,0.017,0.0,1.0,0.017,0.0,59.613
1117,0.017,0.0,1.0,0.017,2.039,66.112
1118,0.017,0.017,1.0,0.0,2.573,56.747
1119,0.033,0.0,1.0,0.033,2.349,70.312
1120,0.033,0.0,1.0,0.033,2.566,54.139
1121,0.017,0.0,1.0,0.017,0.485,63.729
1122,0.0,0.0,1.0,0.0,1.617,63.429
1123,0.017,0.017,0.833,0.0,9.426,64.283
1124,0.067,0.017,1.0,0.05,0.002,64.544
1125,0.033,0.0,1.0,0.033,0.0,77.605
1126,0.0,0.0,1.0,0.0,0.709,71.009
1127,0.017,0.0,1.0,0.017,0.001,64.393
1128,0.05,0.0,1.0,0.05,0.0,75.306
1129,0.033,0.0,1.0,0.033,1.202,77.933
1130,0.017,0.0,1.0,0.017,4.359,62.641
1131,0.017,0.0,1.0,0.017,1.331,79.578
1132,0.067,0.0,1.0,0.067,2.762,73.841
1133,0.017,0.0,1.0,0.017,0.208,63.62
1134,0.017,0.017,0.833,0.0,4.685,82.328
1135,0.0,0.017,0.833,-0.017,7.405,71.089
1136,0.05,0.0,1.0,0.05,0.203,67.276
1137,0.0,0.0,1.0,0.0,0.0,89.415
1138,0.017,0.0,1.0,0.017,0.003,72.542
1139,0.0,0.0,1.0,0.0,0.0,82.916
1140,0.017,0.0,1.0,0.017,2.294,70.847
1141,0.0,0.0,1.0,0.0,3.162,76.307
1142,0.017,0.0,1.0,0.017,0.0,78.496
1143,0.0,0.0,1.0,0.0,1.656,75.723
1144,0.05,0.0,1.0,0.05,1.965,74.924
1145,0.0,0.0,1.0,0.0,1.333,79.924
1146,0.033,0.0,1.0,0.033,0.0,65.172
1147,0.017,0.0,1.0,0.017,1.596,78.709
1148,0.017,0.0,1.0,0.017,0.0,72.026
1149,0.033,0.0,1.0,0.033,0.006,77.439
1150,0.033,0.0,1.0,0.033,0.0,79.269
1151,0.0,0.0,1.0,0.0,1.192,69.243
1152,0.017,0.0,1.0,0.017,2.591,72.911
1153,0.0,0.0,1.0,0.0,0.0,71.947
1154,0.017,0.0,1.0,0.017,1.528,70.217
1155,0.033,0.0,1.0,0.033,3.709,65.796
1156,0.017,0.0,1.0,0.017,0.0,78.619
1157,0.0,0.017,0.833,-0.017,1.129,71.63
1158,0.017,0.017,0.833,0.0,4.873,70.635
1159,0.0,0.0,1.0,0.0,0.013,71.155
1160,0.017,0.017,0.833,0.0,5.51,73.305
1161,0.0,0.017,0.833,-0.017,1.911,74.029
1162,0.017,0.017,0.833,0.0,8.785,80.908
1163,0.0,0.017,0.833,-0.017,0.837,80.379
1164,0.05,0.0,1.0,0.05,2.413,79.972
1165,0.0,0.0,1.0,0.0,0.006,71.255
1166,0.017,0.0,1.0,0.017,0.0,68.299
1167,0.0,0.0,1.0,0.0,2.738,72.358
1168,0.05,0.0,1.0,0.05,2.092,73.835
1169,0.0,0.0,1.0,0.0,4.903,70.834
1170,0.05,0.0,1.0,0.05,3.271,73.051
1171,0.017,0.0,1.0,0.017,1.769,75.002
1172,0.0,0.0,1.0,0.0,0.043,72.288
1173,0.033,0.017,1.0,0.017,2.632,72.999
1174,0.033,0.0,1.0,0.033,3.482,60.231
1175,0.0,0.0,1.0,0.0,2.303,74.268
1176,0.017,0.0,1.0,0.017,1.577,73.101
1177,0.167,0.0,1.0,0.167,1.571,59.091
1178,0.017,0.017,0.833,0.0,3.594,78.357
1179,0.017,0.0,1.0,0.017,0.209,76.454
1180,0.067,0.017,1.0,0.05,0.642,68.623
1181,0.0,0.0,1.0,0.0,2.045,75.823
1182,0.0,0.0,1.0,0.0,0.035,70.152
1183,0.0,0.0,1.0,0.0,0.004,66.686
1184,0.0,0.017,0.833,-0.017,4.716,56.386
1185,0.017,0.0,1.0,0.017,2.674,77.644
1186,0.017,0.033,0.667,-0.017,14.011,71.258
1187,0.0,0.0,1.0,0.0,0.479,60.737
1188,0.033,0.0,1.0,0.033,2.49,66.457
1189,0.033,0.017,0.833,0.017,5.474,63.11
1190,0.0,0.0,1.0,0.0,1.305,65.552
1191,0.017,0.0,1.0,0.017,2.942,68.036
1192,0.017,0.0,1.0,0.017,0.76,63.878
1193,0.0,0.017,0.833,-0.017,1.906,64.848
1194,0.017,0.017,1.0,0.0,1.969,67.061
1195,0.017,0.0,1.0,0.017,0.0,59.874
1196,0.0,0.0,1.0,0.0,0.002,64.344
1197,0.033,0.0,1.0,0.033,0.516,70.533
1198,0.0,0.0,1.0,0.0,0.0,68.201
1199,0.05,0.017,0.833,0.033,3.279,58.986
1200,0.033,0.0,1.0,0.033,0.984,66.13
